[
    {
        "cc": "4900802003765163",
        "mes": "04",
        "ano": "2028",
        "cvv": "627",
        "status": "APPROVED \u2705",
        "message": "Redireccionando a la pagina.",
        "timestamp": "2024-09-22 16:46:01.152876",
        "gate": "PayU"
    },
    {
        "cc": "4900802003765163",
        "mes": "04",
        "ano": "2028",
        "cvv": "627",
        "status": "DECLINED \u274c",
        "message": "Autorice el Pago con el Banco.",
        "timestamp": "2024-09-22 16:46:19.838211",
        "gate": "PayU"
    },
    {
        "cc": "4900802003765163",
        "mes": "04",
        "ano": "2028",
        "cvv": "627",
        "status": "APPROVED \u2705",
        "message": "Fondos Insuficientes.",
        "timestamp": "2024-09-22 16:46:59.473381",
        "gate": "Rapipago"
    },
    {
        "cc": "4900802003765163",
        "mes": "04",
        "ano": "2028",
        "cvv": "627",
        "status": "APPROVED \u2705",
        "message": "Comprobante Disponible.",
        "timestamp": "2024-09-22 16:47:32.454925",
        "gate": "PagoFacil"
    },
    {
        "cc": "4900802003765163",
        "mes": "04",
        "ano": "2028",
        "cvv": "627",
        "status": "DECLINED \u274c",
        "message": "Operacion Fraudulenta.",
        "timestamp": "2024-09-22 16:47:37.543835",
        "gate": "Mercado Pago"
    },
    {
        "cc": "4900802003765163",
        "mes": "04",
        "ano": "2028",
        "cvv": "627",
        "status": "APPROVED \u2705",
        "message": "Ingrese su contrase\u00f1a",
        "timestamp": "2024-09-22 16:47:42.941690",
        "gate": "Mubi"
    },
    {
        "cc": "5286898242974922",
        "mes": "05",
        "ano": "2025",
        "cvv": "481",
        "status": "APPROVED \u2705",
        "message": "Pago Exitoso.",
        "timestamp": "2024-09-22 17:55:01.509987",
        "gate": "Mercado Pago"
    },
    {
        "cc": "5286898242974922",
        "mes": "05",
        "ano": "2025",
        "cvv": "481",
        "status": "APPROVED \u2705",
        "message": "Fondos Insuficientes.",
        "timestamp": "2024-09-22 17:55:29.413792",
        "gate": "Mercado Pago"
    },
    {
        "cc": "4023480306299834",
        "mes": "11",
        "ano": "2026",
        "cvv": "199",
        "status": "APPROVED \u2705",
        "message": "Pago Exitoso.",
        "timestamp": "2024-09-22 18:00:41.275007",
        "gate": "Mercado Pago"
    },
    {
        "cc": "5286898242974922",
        "mes": "05",
        "ano": "2025",
        "cvv": "481",
        "status": "DECLINED \u274c",
        "message": "Operacion Fraudulenta.",
        "timestamp": "2024-09-22 18:00:45.926913",
        "gate": "Mercado Pago"
    },
    {
        "cc": "5253020006870183",
        "mes": "10",
        "ano": "2026",
        "cvv": "843",
        "status": "DECLINED \u274c",
        "message": "Operacion Denegada.",
        "timestamp": "2024-09-22 18:00:54.928843",
        "gate": "Rapipago"
    },
    {
        "cc": "4023480306299834",
        "mes": "11",
        "ano": "2026",
        "cvv": "199",
        "status": "APPROVED \u2705",
        "message": "Pago Exitoso.",
        "timestamp": "2024-09-22 18:01:25.310198",
        "gate": "Mercado Pago"
    }
]