[
    {
        "id": "5616163365",
        "username": "@ElTripleA",
        "fecha_registro": "2024-09-22 13:32:35",
        "chat": "5616163365",
        "creditos": "8",
        "dias": "0",
        "plan": "Owner"
    },
    {
        "id": "7507795122",
        "username": "SinUsername",
        "fecha_registro": "2024-09-22 17:50:13",
        "chat": "7507795122",
        "creditos": "17",
        "dias": "0",
        "plan": "Free User"
    },
    {
        "id": "5740426346",
        "username": "@tplogin0",
        "fecha_registro": "2024-09-22 17:59:29",
        "chat": "5740426346",
        "creditos": "17",
        "dias": "0",
        "plan": "Free User"
    }
]